{
    "prepare_queue": {
        "installed": [],
        "uninstalled": []
    },
    "config_munge": {
        "files": {
            "res/xml/config.xml": {
                "parents": {
                    "/*": [
                        {
                            "xml": "<feature name=\"Device\"><param name=\"android-package\" value=\"org.apache.cordova.device.Device\" /></feature>",
                            "count": 1
                        },
                        {
                            "xml": "<feature name=\"SplashScreen\"><param name=\"android-package\" value=\"org.apache.cordova.splashscreen.SplashScreen\" /><param name=\"onload\" value=\"true\" /></feature>",
                            "count": 1
                        },
                        {
                            "xml": "<feature name=\"StatusBar\"><param name=\"android-package\" value=\"org.apache.cordova.statusbar.StatusBar\" /><param name=\"onload\" value=\"true\" /></feature>",
                            "count": 1
                        },
                        {
                            "xml": "<feature name=\"Whitelist\"><param name=\"android-package\" value=\"org.apache.cordova.whitelist.WhitelistPlugin\" /><param name=\"onload\" value=\"true\" /></feature>",
                            "count": 1
                        },
                        {
                            "xml": "<feature name=\"Keyboard\"><param name=\"android-package\" value=\"io.ionic.keyboard.IonicKeyboard\" /><param name=\"onload\" value=\"true\" /></feature>",
                            "count": 1
                        },
                        {
                            "xml": "<feature name=\"FacebookConnectPlugin\"><param name=\"android-package\" value=\"org.apache.cordova.facebook.ConnectPlugin\" /></feature>",
                            "count": 1
                        },
                        {
                            "xml": "<access origin=\"https://m.facebook.com\" />",
                            "count": 1
                        },
                        {
                            "xml": "<access origin=\"https://graph.facebook.com\" />",
                            "count": 1
                        },
                        {
                            "xml": "<access origin=\"https://api.facebook.com\" />",
                            "count": 1
                        },
                        {
                            "xml": "<access origin=\"https://*.fbcdn.net\" />",
                            "count": 1
                        },
                        {
                            "xml": "<access origin=\"https://*.akamaihd.net\" />",
                            "count": 1
                        }
                    ]
                }
            },
            "res/values/facebookconnect.xml": {
                "parents": {
                    "/*": [
                        {
                            "xml": "<string name=\"fb_app_id\">424902187708386</string>",
                            "count": 1
                        },
                        {
                            "xml": "<string name=\"fb_app_name\">FlirtDate</string>",
                            "count": 1
                        }
                    ]
                }
            },
            "AndroidManifest.xml": {
                "parents": {
                    "application": [
                        {
                            "xml": "<meta-data android:name=\"com.facebook.sdk.ApplicationId\" android:value=\"@string/fb_app_id\" />",
                            "count": 1
                        },
                        {
                            "xml": "<activity android:label=\"@string/fb_app_name\" android:name=\"com.facebook.LoginActivity\" android:theme=\"@android:style/Theme.Translucent.NoTitleBar\" />",
                            "count": 1
                        }
                    ]
                }
            }
        }
    },
    "installed_plugins": {
        "cordova-plugin-console": {
            "PACKAGE_NAME": "com.barry.flirt"
        },
        "cordova-plugin-device": {
            "PACKAGE_NAME": "com.barry.flirt"
        },
        "cordova-plugin-splashscreen": {
            "PACKAGE_NAME": "com.barry.flirt"
        },
        "cordova-plugin-statusbar": {
            "PACKAGE_NAME": "com.barry.flirt"
        },
        "cordova-plugin-whitelist": {
            "PACKAGE_NAME": "com.barry.flirt"
        },
        "ionic-plugin-keyboard": {
            "PACKAGE_NAME": "com.barry.flirt"
        },
        "phonegap-facebook-plugin": {
            "APP_ID": "424902187708386",
            "APP_NAME": "FlirtDate",
            "PACKAGE_NAME": "com.barry.flirt"
        }
    },
    "dependent_plugins": {},
    "modules": [
        {
            "file": "plugins/cordova-plugin-device/www/device.js",
            "id": "cordova-plugin-device.device",
            "pluginId": "cordova-plugin-device",
            "clobbers": [
                "device"
            ]
        },
        {
            "file": "plugins/cordova-plugin-splashscreen/www/splashscreen.js",
            "id": "cordova-plugin-splashscreen.SplashScreen",
            "pluginId": "cordova-plugin-splashscreen",
            "clobbers": [
                "navigator.splashscreen"
            ]
        },
        {
            "file": "plugins/cordova-plugin-statusbar/www/statusbar.js",
            "id": "cordova-plugin-statusbar.statusbar",
            "pluginId": "cordova-plugin-statusbar",
            "clobbers": [
                "window.StatusBar"
            ]
        },
        {
            "file": "plugins/cordova-plugin-whitelist/whitelist.js",
            "id": "cordova-plugin-whitelist.whitelist",
            "pluginId": "cordova-plugin-whitelist",
            "runs": true
        },
        {
            "file": "plugins/ionic-plugin-keyboard/www/android/keyboard.js",
            "id": "ionic-plugin-keyboard.keyboard",
            "pluginId": "ionic-plugin-keyboard",
            "clobbers": [
                "cordova.plugins.Keyboard"
            ],
            "runs": true
        },
        {
            "file": "plugins/phonegap-facebook-plugin/facebookConnectPlugin.js",
            "id": "phonegap-facebook-plugin.FacebookConnectPlugin",
            "pluginId": "phonegap-facebook-plugin",
            "clobbers": [
                "facebookConnectPlugin"
            ]
        }
    ],
    "plugin_metadata": {
        "cordova-plugin-console": "1.0.2",
        "cordova-plugin-device": "1.1.1",
        "cordova-plugin-splashscreen": "3.1.0",
        "cordova-plugin-statusbar": "2.1.0",
        "cordova-plugin-whitelist": "1.2.1",
        "ionic-plugin-keyboard": "1.0.8",
        "phonegap-facebook-plugin": "0.12.0"
    }
}