{
    "prepare_queue": {
        "installed": [],
        "uninstalled": []
    },
    "config_munge": {
        "files": {
            "config.xml": {
                "parents": {
                    "/*": [
                        {
                            "xml": "<feature name=\"Console\"><param name=\"ios-package\" value=\"CDVLogger\" /></feature>",
                            "count": 1
                        },
                        {
                            "xml": "<feature name=\"Device\"><param name=\"ios-package\" value=\"CDVDevice\" /></feature>",
                            "count": 1
                        },
                        {
                            "xml": "<feature name=\"SplashScreen\"><param name=\"ios-package\" value=\"CDVSplashScreen\" /><param name=\"onload\" value=\"true\" /></feature>",
                            "count": 1
                        },
                        {
                            "xml": "<feature name=\"StatusBar\"><param name=\"ios-package\" value=\"CDVStatusBar\" /><param name=\"onload\" value=\"true\" /></feature>",
                            "count": 1
                        },
                        {
                            "xml": "<preference name=\"StatusBarOverlaysWebView\" value=\"true\" />",
                            "count": 1
                        },
                        {
                            "xml": "<preference name=\"StatusBarStyle\" value=\"lightcontent\" />",
                            "count": 1
                        },
                        {
                            "xml": "<feature name=\"Keyboard\"><param name=\"ios-package\" onload=\"true\" value=\"IonicKeyboard\" /></feature>",
                            "count": 1
                        },
                        {
                            "xml": "<feature name=\"ImagePicker\"><param name=\"ios-package\" value=\"SOSPicker\" /></feature>",
                            "count": 1
                        },
                        {
                            "xml": "<feature name=\"Contacts\"><param name=\"ios-package\" value=\"CDVContacts\" /></feature>",
                            "count": 1
                        }
                    ]
                }
            }
        }
    },
    "installed_plugins": {
        "cordova-plugin-console": {
            "PACKAGE_NAME": "com.ionicframework.flirtwithfriends695440"
        },
        "cordova-plugin-device": {
            "PACKAGE_NAME": "com.ionicframework.flirtwithfriends695440"
        },
        "cordova-plugin-splashscreen": {
            "PACKAGE_NAME": "com.ionicframework.flirtwithfriends695440"
        },
        "cordova-plugin-statusbar": {
            "PACKAGE_NAME": "com.ionicframework.flirtwithfriends695440"
        },
        "cordova-plugin-whitelist": {
            "PACKAGE_NAME": "com.ionicframework.flirtwithfriends695440"
        },
        "ionic-plugin-keyboard": {
            "PACKAGE_NAME": "com.ionicframework.flirtwithfriends695440"
        },
        "com.synconset.imagepicker": {
            "PACKAGE_NAME": "com.ionicframework.flirtwithfriends695440"
        },
        "cordova-plugin-contacts": {
            "PACKAGE_NAME": "com.ionicframework.flirtwithfriends695440"
        },
        "com-badrit-base64": {
            "PACKAGE_NAME": "com.ionicframework.flirtwithfriends695440"
        }
    },
    "dependent_plugins": {},
    "modules": [
        {
            "file": "plugins/cordova-plugin-console/www/console-via-logger.js",
            "id": "cordova-plugin-console.console",
            "pluginId": "cordova-plugin-console",
            "clobbers": [
                "console"
            ]
        },
        {
            "file": "plugins/cordova-plugin-console/www/logger.js",
            "id": "cordova-plugin-console.logger",
            "pluginId": "cordova-plugin-console",
            "clobbers": [
                "cordova.logger"
            ]
        },
        {
            "file": "plugins/cordova-plugin-device/www/device.js",
            "id": "cordova-plugin-device.device",
            "pluginId": "cordova-plugin-device",
            "clobbers": [
                "device"
            ]
        },
        {
            "file": "plugins/cordova-plugin-splashscreen/www/splashscreen.js",
            "id": "cordova-plugin-splashscreen.SplashScreen",
            "pluginId": "cordova-plugin-splashscreen",
            "clobbers": [
                "navigator.splashscreen"
            ]
        },
        {
            "file": "plugins/cordova-plugin-statusbar/www/statusbar.js",
            "id": "cordova-plugin-statusbar.statusbar",
            "pluginId": "cordova-plugin-statusbar",
            "clobbers": [
                "window.StatusBar"
            ]
        },
        {
            "file": "plugins/ionic-plugin-keyboard/www/ios/keyboard.js",
            "id": "ionic-plugin-keyboard.keyboard",
            "pluginId": "ionic-plugin-keyboard",
            "clobbers": [
                "cordova.plugins.Keyboard"
            ],
            "runs": true
        },
        {
            "file": "plugins/com.synconset.imagepicker/www/imagepicker.js",
            "id": "com.synconset.imagepicker.ImagePicker",
            "pluginId": "com.synconset.imagepicker",
            "clobbers": [
                "plugins.imagePicker"
            ]
        },
        {
            "file": "plugins/cordova-plugin-contacts/www/contacts.js",
            "id": "cordova-plugin-contacts.contacts",
            "pluginId": "cordova-plugin-contacts",
            "clobbers": [
                "navigator.contacts"
            ]
        },
        {
            "file": "plugins/cordova-plugin-contacts/www/Contact.js",
            "id": "cordova-plugin-contacts.Contact",
            "pluginId": "cordova-plugin-contacts",
            "clobbers": [
                "Contact"
            ]
        },
        {
            "file": "plugins/cordova-plugin-contacts/www/ContactAddress.js",
            "id": "cordova-plugin-contacts.ContactAddress",
            "pluginId": "cordova-plugin-contacts",
            "clobbers": [
                "ContactAddress"
            ]
        },
        {
            "file": "plugins/cordova-plugin-contacts/www/ContactError.js",
            "id": "cordova-plugin-contacts.ContactError",
            "pluginId": "cordova-plugin-contacts",
            "clobbers": [
                "ContactError"
            ]
        },
        {
            "file": "plugins/cordova-plugin-contacts/www/ContactField.js",
            "id": "cordova-plugin-contacts.ContactField",
            "pluginId": "cordova-plugin-contacts",
            "clobbers": [
                "ContactField"
            ]
        },
        {
            "file": "plugins/cordova-plugin-contacts/www/ContactFindOptions.js",
            "id": "cordova-plugin-contacts.ContactFindOptions",
            "pluginId": "cordova-plugin-contacts",
            "clobbers": [
                "ContactFindOptions"
            ]
        },
        {
            "file": "plugins/cordova-plugin-contacts/www/ContactName.js",
            "id": "cordova-plugin-contacts.ContactName",
            "pluginId": "cordova-plugin-contacts",
            "clobbers": [
                "ContactName"
            ]
        },
        {
            "file": "plugins/cordova-plugin-contacts/www/ContactOrganization.js",
            "id": "cordova-plugin-contacts.ContactOrganization",
            "pluginId": "cordova-plugin-contacts",
            "clobbers": [
                "ContactOrganization"
            ]
        },
        {
            "file": "plugins/cordova-plugin-contacts/www/ContactFieldType.js",
            "id": "cordova-plugin-contacts.ContactFieldType",
            "pluginId": "cordova-plugin-contacts",
            "merges": [
                ""
            ]
        },
        {
            "file": "plugins/cordova-plugin-contacts/www/ios/contacts.js",
            "id": "cordova-plugin-contacts.contacts-ios",
            "pluginId": "cordova-plugin-contacts",
            "merges": [
                "navigator.contacts"
            ]
        },
        {
            "file": "plugins/cordova-plugin-contacts/www/ios/Contact.js",
            "id": "cordova-plugin-contacts.Contact-iOS",
            "pluginId": "cordova-plugin-contacts",
            "merges": [
                "Contact"
            ]
        },
        {
            "file": "plugins/com-badrit-base64/www/Base64.js",
            "id": "com-badrit-base64.Base64",
            "pluginId": "com-badrit-base64",
            "clobbers": [
                "navigator.Base64"
            ]
        }
    ],
    "plugin_metadata": {
        "cordova-plugin-console": "1.0.2",
        "cordova-plugin-device": "1.1.1",
        "cordova-plugin-splashscreen": "3.1.0",
        "cordova-plugin-statusbar": "2.1.0",
        "cordova-plugin-whitelist": "1.2.1",
        "ionic-plugin-keyboard": "1.0.8",
        "com.synconset.imagepicker": "1.0.7",
        "cordova-plugin-contacts": "2.0.1",
        "com-badrit-base64": "0.2.0"
    }
}