{
    "prepare_queue": {
        "installed": [],
        "uninstalled": []
    },
    "config_munge": {
        "files": {
            "config.xml": {
                "parents": {
                    "/*": [
                        {
                            "xml": "<feature name=\"Console\"><param name=\"ios-package\" value=\"CDVLogger\" /></feature>",
                            "count": 1
                        },
                        {
                            "xml": "<feature name=\"Device\"><param name=\"ios-package\" value=\"CDVDevice\" /></feature>",
                            "count": 1
                        },
                        {
                            "xml": "<feature name=\"SplashScreen\"><param name=\"ios-package\" value=\"CDVSplashScreen\" /><param name=\"onload\" value=\"true\" /></feature>",
                            "count": 1
                        },
                        {
                            "xml": "<feature name=\"StatusBar\"><param name=\"ios-package\" value=\"CDVStatusBar\" /><param name=\"onload\" value=\"true\" /></feature>",
                            "count": 1
                        },
                        {
                            "xml": "<preference name=\"StatusBarOverlaysWebView\" value=\"true\" />",
                            "count": 1
                        },
                        {
                            "xml": "<preference name=\"StatusBarStyle\" value=\"lightcontent\" />",
                            "count": 1
                        },
                        {
                            "xml": "<feature name=\"Keyboard\"><param name=\"ios-package\" onload=\"true\" value=\"IonicKeyboard\" /></feature>",
                            "count": 1
                        },
                        {
                            "xml": "<feature name=\"FacebookConnectPlugin\"><param name=\"ios-package\" value=\"FacebookConnectPlugin\" /><param name=\"onload\" value=\"true\" /></feature>",
                            "count": 1
                        },
                        {
                            "xml": "<plugin name=\"FacebookConnectPlugin\" value=\"FacebookConnectPlugin\" />",
                            "count": 1
                        },
                        {
                            "xml": "<access origin=\"https://m.facebook.com\" />",
                            "count": 1
                        },
                        {
                            "xml": "<access origin=\"https://graph.facebook.com\" />",
                            "count": 1
                        },
                        {
                            "xml": "<access origin=\"https://api.facebook.com\" />",
                            "count": 1
                        },
                        {
                            "xml": "<access origin=\"https://*.fbcdn.net\" />",
                            "count": 1
                        },
                        {
                            "xml": "<access origin=\"https://*.akamaihd.net\" />",
                            "count": 1
                        }
                    ]
                }
            },
            "*-Info.plist": {
                "parents": {
                    "FacebookAppID": [
                        {
                            "xml": "<string>424902187708386</string>",
                            "count": 1
                        }
                    ],
                    "FacebookDisplayName": [
                        {
                            "xml": "<string>FlirtDate</string>",
                            "count": 1
                        }
                    ],
                    "CFBundleURLTypes": [
                        {
                            "xml": "<array><dict><key>CFBundleURLSchemes</key><array><string>fb424902187708386</string></array></dict></array>",
                            "count": 1
                        }
                    ]
                }
            }
        }
    },
    "installed_plugins": {
        "cordova-plugin-console": {
            "PACKAGE_NAME": "com.barry.flirt"
        },
        "cordova-plugin-device": {
            "PACKAGE_NAME": "com.barry.flirt"
        },
        "cordova-plugin-splashscreen": {
            "PACKAGE_NAME": "com.barry.flirt"
        },
        "cordova-plugin-statusbar": {
            "PACKAGE_NAME": "com.barry.flirt"
        },
        "cordova-plugin-whitelist": {
            "PACKAGE_NAME": "com.barry.flirt"
        },
        "ionic-plugin-keyboard": {
            "PACKAGE_NAME": "com.barry.flirt"
        },
        "phonegap-facebook-plugin": {
            "APP_ID": "424902187708386",
            "APP_NAME": "FlirtDate",
            "PACKAGE_NAME": "com.barry.flirt"
        }
    },
    "dependent_plugins": {},
    "modules": [
        {
            "file": "plugins/cordova-plugin-console/www/console-via-logger.js",
            "id": "cordova-plugin-console.console",
            "pluginId": "cordova-plugin-console",
            "clobbers": [
                "console"
            ]
        },
        {
            "file": "plugins/cordova-plugin-console/www/logger.js",
            "id": "cordova-plugin-console.logger",
            "pluginId": "cordova-plugin-console",
            "clobbers": [
                "cordova.logger"
            ]
        },
        {
            "file": "plugins/cordova-plugin-device/www/device.js",
            "id": "cordova-plugin-device.device",
            "pluginId": "cordova-plugin-device",
            "clobbers": [
                "device"
            ]
        },
        {
            "file": "plugins/cordova-plugin-splashscreen/www/splashscreen.js",
            "id": "cordova-plugin-splashscreen.SplashScreen",
            "pluginId": "cordova-plugin-splashscreen",
            "clobbers": [
                "navigator.splashscreen"
            ]
        },
        {
            "file": "plugins/cordova-plugin-statusbar/www/statusbar.js",
            "id": "cordova-plugin-statusbar.statusbar",
            "pluginId": "cordova-plugin-statusbar",
            "clobbers": [
                "window.StatusBar"
            ]
        },
        {
            "file": "plugins/ionic-plugin-keyboard/www/ios/keyboard.js",
            "id": "ionic-plugin-keyboard.keyboard",
            "pluginId": "ionic-plugin-keyboard",
            "clobbers": [
                "cordova.plugins.Keyboard"
            ],
            "runs": true
        },
        {
            "file": "plugins/phonegap-facebook-plugin/facebookConnectPlugin.js",
            "id": "phonegap-facebook-plugin.FacebookConnectPlugin",
            "pluginId": "phonegap-facebook-plugin",
            "clobbers": [
                "facebookConnectPlugin"
            ]
        }
    ],
    "plugin_metadata": {
        "cordova-plugin-console": "1.0.2",
        "cordova-plugin-device": "1.1.1",
        "cordova-plugin-splashscreen": "3.1.0",
        "cordova-plugin-statusbar": "2.1.0",
        "cordova-plugin-whitelist": "1.2.1",
        "ionic-plugin-keyboard": "1.0.8",
        "phonegap-facebook-plugin": "0.12.0"
    }
}